{"Ss": {"10^0": 0.0, "10^1": 0.0, "10^2": 0.0, "10^3": 0.010972, "10^4": 0.960436, "10^5": 10}, "Is": {"10^0": 0.0, "10^1": 0.0, "10^2": 0.001029, "10^3": 0.021941, "10^4": 3.180628, "10^5": 10}, "Bs": {"10^0": 0.0, "10^1": 0.0, "10^2": 0.001028, "10^3": 0.147191, "10^4": 10, "10^5": 10}}